Date,Price,Open,High,Low,Change %
12/29/2019,-0.617,-0.801,-0.500,-0.801,-17.18%
12/22/2019,-0.745,-0.710,-0.710,-0.779,3.62%
12/15/2019,-0.719,-0.657,-0.649,-0.740,1.70%
12/08/2019,-0.707,-0.686,-0.653,-0.707,4.74%
12/01/2019,-0.675,-0.625,-0.622,-0.678,8.70%
11/24/2019,-0.621,-0.579,-0.568,-0.627,6.52%
11/17/2019,-0.583,-0.603,-0.575,-0.608,-3.80%
11/10/2019,-0.606,-0.604,-0.576,-0.621,4.66%
11/03/2019,-0.579,-0.599,-0.576,-0.623,-2.20%
10/27/2019,-0.592,-0.595,-0.586,-0.640,0.51%
10/20/2019,-0.589,-0.607,-0.572,-0.614,0.86%
10/13/2019,-0.584,-0.574,-0.558,-0.616,-0.85%
10/06/2019,-0.589,-0.591,-0.549,-0.607,-1.34%
09/29/2019,-0.597,-0.581,-0.564,-0.604,0.67%
09/22/2019,-0.593,-0.674,-0.480,-0.674,-8.35%
09/15/2019,-0.647,-0.629,-0.589,-0.700,-1.07%
09/08/2019,-0.654,-0.645,-0.596,-0.717,-6.70%
09/01/2019,-0.701,-0.736,-0.689,-0.740,-3.97%
08/25/2019,-0.730,-0.722,-0.689,-0.741,3.84%
08/18/2019,-0.703,-0.674,-0.674,-0.718,1.88%
08/11/2019,-0.690,-0.553,-0.544,-0.718,26.37%
08/04/2019,-0.546,-0.548,-0.524,-0.612,-0.18%
07/28/2019,-0.547,-0.538,-0.513,-0.617,4.79%
07/21/2019,-0.522,-0.567,-0.509,-0.619,-4.40%
07/14/2019,-0.546,-0.563,-0.529,-0.627,1.49%
07/07/2019,-0.538,-0.539,-0.527,-0.623,-1.10%
06/30/2019,-0.544,-0.553,-0.525,-0.617,3.62%
06/23/2019,-0.525,-0.527,-0.520,-0.577,-0.19%
06/16/2019,-0.526,-0.538,-0.518,-0.581,-6.24%
06/09/2019,-0.561,-0.552,-0.519,-0.563,0.18%
06/02/2019,-0.560,-0.560,-0.512,-0.566,0.54%
05/26/2019,-0.557,-0.567,-0.504,-0.567,-0.36%
05/19/2019,-0.559,-0.566,-0.509,-0.583,-1.41%
05/12/2019,-0.567,-0.533,-0.519,-0.588,-0.53%
05/05/2019,-0.570,-0.528,-0.517,-0.583,7.75%
04/28/2019,-0.529,-0.557,-0.510,-0.578,-5.20%
04/21/2019,-0.558,-0.542,-0.506,-0.560,2.39%
04/14/2019,-0.545,-0.549,-0.537,-0.558,-0.91%
04/07/2019,-0.550,-0.535,-0.489,-0.553,11.79%
03/31/2019,-0.492,-0.539,-0.482,-0.548,-9.39%
03/24/2019,-0.543,-0.559,-0.489,-0.561,-2.86%
03/17/2019,-0.559,-0.571,-0.508,-0.571,8.54%
03/10/2019,-0.515,-0.555,-0.498,-0.562,-6.53%
03/03/2019,-0.551,-0.538,-0.491,-0.560,11.76%
02/24/2019,-0.493,-0.558,-0.489,-0.561,-11.65%
02/17/2019,-0.558,-0.543,-0.537,-0.561,3.72%
02/10/2019,-0.538,-0.523,-0.501,-0.546,-0.19%
02/03/2019,-0.539,-0.558,-0.514,-0.558,-1.82%
01/27/2019,-0.549,-0.571,-0.500,-0.596,-4.52%
01/20/2019,-0.575,-0.583,-0.567,-0.604,-0.52%
01/13/2019,-0.578,-0.600,-0.564,-0.618,-2.86%
01/06/2019,-0.595,-0.610,-0.585,-0.626,-2.30%
12/30/2018,-0.609,-0.865,-0.600,-0.865,-39.16%
12/23/2018,-1.001,-0.966,-0.966,-1.001,7.98%
12/16/2018,-0.927,-0.748,-0.673,-0.976,36.32%
12/09/2018,-0.680,-0.734,-0.648,-0.786,-7.48%
12/02/2018,-0.735,-0.753,-0.621,-0.764,-1.87%
11/25/2018,-0.749,-0.760,-0.742,-0.791,-1.06%
11/18/2018,-0.757,-0.743,-0.624,-0.780,3.98%
11/11/2018,-0.728,-0.728,-0.639,-0.774,0.83%
11/04/2018,-0.722,-0.807,-0.640,-0.822,-9.07%
10/28/2018,-0.794,-0.818,-0.714,-0.870,-2.22%
10/21/2018,-0.812,-0.769,-0.650,-0.815,9.73%
10/14/2018,-0.740,-0.660,-0.630,-0.760,9.63%
10/07/2018,-0.675,-0.581,-0.519,-0.700,17.60%
09/30/2018,-0.574,-0.575,-0.505,-0.578,-0.52%
09/23/2018,-0.577,-0.567,-0.515,-0.634,-6.18%
09/16/2018,-0.615,-0.541,-0.541,-0.615,14.31%
09/09/2018,-0.538,-0.596,-0.531,-0.607,-5.94%
09/02/2018,-0.572,-0.517,-0.517,-0.622,-1.72%
08/26/2018,-0.582,-0.596,-0.519,-0.657,-6.43%
08/19/2018,-0.622,-0.575,-0.575,-0.637,-1.89%
08/12/2018,-0.634,-0.660,-0.568,-0.661,9.88%
08/05/2018,-0.577,-0.592,-0.570,-0.675,-2.37%
07/29/2018,-0.591,-0.591,-0.550,-0.667,-0.34%
07/22/2018,-0.593,-0.673,-0.557,-0.673,-6.32%
07/15/2018,-0.633,-0.643,-0.617,-0.673,2.10%
07/08/2018,-0.620,-0.638,-0.614,-0.675,-5.20%
07/01/2018,-0.654,-0.650,-0.554,-0.657,11.04%
06/24/2018,-0.589,-0.650,-0.560,-0.661,4.80%
06/17/2018,-0.562,-0.632,-0.562,-0.655,-10.79%
06/10/2018,-0.630,-0.624,-0.615,-0.636,-0.47%
06/03/2018,-0.633,-0.619,-0.601,-0.651,2.93%
05/27/2018,-0.615,-0.609,-0.590,-0.657,0.16%
05/20/2018,-0.614,-0.614,-0.609,-0.635,-0.97%
05/13/2018,-0.620,-0.622,-0.599,-0.638,0.81%
05/06/2018,-0.615,-0.628,-0.608,-0.674,-3.30%
04/29/2018,-0.636,-0.695,-0.620,-0.703,-6.19%
04/22/2018,-0.678,-0.692,-0.669,-0.720,-1.02%
04/15/2018,-0.685,-0.693,-0.672,-0.708,-1.01%
04/08/2018,-0.692,-0.792,-0.679,-0.800,-11.73%
04/01/2018,-0.784,-0.780,-0.760,-0.795,-0.25%
03/25/2018,-0.786,-0.750,-0.742,-0.822,4.94%
03/18/2018,-0.749,-0.857,-0.719,-0.866,-6.02%
03/11/2018,-0.797,-0.800,-0.732,-0.848,8.58%
03/04/2018,-0.734,-0.812,-0.684,-0.857,5.61%
02/25/2018,-0.695,-0.705,-0.683,-0.860,-0.29%
02/18/2018,-0.697,-0.702,-0.677,-0.775,-0.71%
02/11/2018,-0.702,-0.722,-0.667,-0.846,1.30%
02/04/2018,-0.693,-0.706,-0.605,-0.868,0.87%
01/28/2018,-0.687,-0.701,-0.599,-0.781,-1.01%
01/21/2018,-0.694,-0.702,-0.680,-0.858,-1.84%
01/14/2018,-0.707,-0.702,-0.686,-0.835,-0.56%
01/07/2018,-0.711,-0.801,-0.650,-0.801,1.43%
12/31/2017,-0.701,-0.880,-0.690,-1.015,-12.70%
12/24/2017,-0.803,-1.000,-0.790,-1.007,-25.37%
12/17/2017,-1.076,-1.100,-1.049,-1.229,2.87%
12/10/2017,-1.046,-0.948,-0.800,-1.112,2.55%
12/03/2017,-1.020,-0.950,-0.800,-1.020,10.75%
11/26/2017,-0.921,-0.945,-0.675,-0.956,-6.40%
11/19/2017,-0.984,-0.909,-0.750,-0.984,8.25%
11/12/2017,-0.909,-0.806,-0.750,-0.909,2.83%
11/05/2017,-0.884,-0.832,-0.819,-0.909,6.51%
10/29/2017,-0.830,-0.840,-0.818,-0.847,-1.19%
10/22/2017,-0.840,-0.830,-0.762,-0.848,1.94%
10/15/2017,-0.824,-0.831,-0.812,-0.845,-0.12%
10/08/2017,-0.825,-0.809,-0.732,-0.873,0.12%
10/01/2017,-0.824,-0.744,-0.700,-0.886,12.88%
09/24/2017,-0.730,-0.639,-0.639,-0.775,-0.14%
09/17/2017,-0.731,-0.725,-0.709,-0.821,-0.41%
09/10/2017,-0.734,-0.761,-0.718,-0.769,-0.81%
09/03/2017,-0.740,-0.755,-0.700,-0.782,-1.20%
08/27/2017,-0.749,-0.744,-0.714,-0.757,0.40%
08/20/2017,-0.746,-0.752,-0.707,-0.769,4.92%
08/13/2017,-0.711,-0.744,-0.695,-0.799,-3.13%
08/06/2017,-0.734,-0.738,-0.670,-0.784,0.00%
07/30/2017,-0.734,-0.724,-0.680,-0.762,-0.41%
07/23/2017,-0.737,-0.758,-0.697,-0.761,0.41%
07/16/2017,-0.734,-0.764,-0.641,-0.774,-3.04%
07/09/2017,-0.757,-0.782,-0.659,-0.844,-5.96%
07/02/2017,-0.805,-0.754,-0.749,-0.838,4.82%
06/25/2017,-0.768,-0.870,-0.559,-0.890,-7.02%
06/18/2017,-0.826,-0.888,-0.826,-0.897,-5.82%
06/11/2017,-0.877,-0.914,-0.840,-0.991,-3.20%
06/04/2017,-0.906,-0.896,-0.871,-0.953,1.91%
05/28/2017,-0.889,-0.888,-0.842,-0.970,-1.98%
05/21/2017,-0.907,-0.948,-0.874,-0.956,-0.22%
05/14/2017,-0.909,-0.914,-0.882,-0.953,-0.66%
05/07/2017,-0.915,-0.886,-0.869,-0.965,1.44%
04/30/2017,-0.902,-0.862,-0.862,-0.934,-0.33%
04/23/2017,-0.905,-0.884,-0.821,-0.926,7.61%
04/16/2017,-0.841,-0.832,-0.818,-0.928,11.69%
04/09/2017,-0.753,-0.867,-0.715,-0.914,-12.75%
04/02/2017,-0.863,-0.967,-0.863,-1.029,-3.47%
03/26/2017,-0.894,-0.998,-0.848,-1.069,-7.07%
03/19/2017,-0.962,-0.963,-0.950,-1.022,-0.72%
03/12/2017,-0.969,-1.022,-0.915,-1.040,3.75%
03/05/2017,-0.934,-0.905,-0.889,-1.055,4.83%
02/26/2017,-0.891,-0.975,-0.883,-0.975,-5.01%
02/19/2017,-0.938,-0.843,-0.834,-0.993,12.74%
02/12/2017,-0.832,-0.820,-0.776,-0.845,4.92%
02/05/2017,-0.793,-0.787,-0.764,-0.849,2.19%
01/29/2017,-0.776,-0.840,-0.766,-0.849,-6.84%
01/22/2017,-0.833,-0.842,-0.825,-0.938,2.84%
01/15/2017,-0.810,-0.950,-0.801,-0.959,-11.09%
01/08/2017,-0.911,-0.980,-0.679,-0.984,34.17%
01/01/2017,-0.679,-0.968,-0.679,-0.979,-26.99%
12/25/2016,-0.930,-1.009,-0.900,-1.009,1.09%
12/18/2016,-0.920,-0.943,-0.906,-0.964,0.44%
12/11/2016,-0.916,-0.843,-0.843,-0.979,0.77%
12/04/2016,-0.909,-0.810,-0.810,-1.527,6.44%
11/27/2016,-0.854,-0.724,-0.687,-0.864,10.34%
11/20/2016,-0.774,-0.663,-0.660,-0.802,1.44%
11/13/2016,-0.763,-0.671,-0.549,-0.799,0.26%
11/06/2016,-0.761,-0.815,-0.572,-0.817,2.28%
10/30/2016,-0.744,-0.708,-0.601,-0.791,-0.53%
10/23/2016,-0.748,-0.853,-0.708,-0.865,-12.41%
10/16/2016,-0.854,-0.854,-0.800,-0.871,-0.35%
10/09/2016,-0.857,-0.835,-0.817,-0.882,1.66%
10/02/2016,-0.843,-0.780,-0.769,-0.845,7.39%
09/25/2016,-0.785,-0.729,-0.724,-0.788,7.68%
09/18/2016,-0.729,-0.732,-0.718,-0.733,-0.41%
09/11/2016,-0.732,-0.726,-0.720,-0.737,1.10%
09/04/2016,-0.724,-0.555,-0.375,-0.829,-8.59%
08/28/2016,-0.792,-0.781,-0.781,-0.849,-1.98%
08/21/2016,-0.808,-0.792,-0.769,-0.808,2.15%
08/14/2016,-0.791,-0.780,-0.761,-0.813,0.51%
08/07/2016,-0.787,-0.763,-0.692,-0.803,11.63%
07/31/2016,-0.705,-0.742,-0.687,-0.770,-4.34%
07/24/2016,-0.737,-0.748,-0.728,-0.796,0.68%
07/17/2016,-0.732,-0.752,-0.718,-0.813,-0.54%
07/10/2016,-0.736,-0.746,-0.717,-0.844,0.55%
07/03/2016,-0.732,-0.674,-0.555,-0.755,31.89%
06/26/2016,-0.555,-0.579,-0.549,-0.651,-3.98%
06/19/2016,-0.578,-0.549,-0.538,-0.645,-1.20%
06/12/2016,-0.585,-0.553,-0.528,-0.633,-5.65%
06/05/2016,-0.620,-0.590,-0.550,-0.630,12.52%
05/29/2016,-0.551,-0.545,-0.544,-0.591,1.10%
05/22/2016,-0.545,-0.568,-0.518,-0.584,-1.09%
05/15/2016,-0.551,-0.531,-0.500,-0.564,2.99%
05/08/2016,-0.535,-0.545,-0.516,-0.609,-1.65%
05/01/2016,-0.544,-0.615,-0.540,-0.615,-2.68%
04/24/2016,-0.559,-0.538,-0.525,-0.629,3.90%
04/17/2016,-0.538,-0.602,-0.509,-0.618,-10.48%
04/10/2016,-0.601,-0.600,-0.557,-0.634,0.00%
04/03/2016,-0.601,-0.597,-0.474,-0.624,7.32%
03/27/2016,-0.560,-0.547,-0.518,-0.602,5.46%
03/20/2016,-0.531,-0.529,-0.519,-0.607,-0.75%
03/13/2016,-0.535,-0.552,-0.491,-0.588,1.71%
03/06/2016,-0.526,-0.544,-0.499,-0.589,-2.95%
02/28/2016,-0.542,-0.544,-0.532,-0.583,-3.21%
02/21/2016,-0.560,-0.440,-0.429,-0.575,27.56%
02/14/2016,-0.439,-0.374,-0.352,-0.549,18.97%
02/07/2016,-0.369,-0.384,-0.349,-0.410,-9.11%
01/31/2016,-0.406,-0.397,-0.369,-0.415,2.78%
01/24/2016,-0.395,-0.497,-0.391,-0.520,-16.84%
01/17/2016,-0.475,-0.475,-0.407,-0.509,0.42%
01/10/2016,-0.473,-0.576,-0.309,-0.584,-15.54%
01/03/2016,-0.560,-0.533,-0.520,-0.586,-7.28%
12/27/2015,-0.604,-0.486,-0.472,-0.604,27.16%
12/20/2015,-0.475,-0.507,-0.464,-0.533,1.28%
12/13/2015,-0.469,-0.415,-0.409,-0.585,12.47%
12/06/2015,-0.417,-0.291,-0.291,-0.449,48.40%
11/29/2015,-0.281,-0.420,-0.278,-0.439,-28.68%
11/22/2015,-0.394,-0.360,-0.332,-0.424,19.39%
11/15/2015,-0.330,-0.338,-0.325,-0.379,-7.04%
11/08/2015,-0.355,-0.334,-0.253,-0.369,7.58%
11/01/2015,-0.330,-0.291,-0.266,-0.442,-12.00%
10/25/2015,-0.375,-0.341,-0.228,-0.375,53.69%
10/18/2015,-0.244,-0.210,-0.210,-0.340,8.93%
10/11/2015,-0.224,-0.229,-0.182,-0.345,-25.58%
10/04/2015,-0.301,-0.319,-0.300,-0.320,-5.64%
09/27/2015,-0.319,-0.294,-0.293,-0.323,8.87%
09/20/2015,-0.293,-0.303,-0.292,-0.322,-2.98%
09/13/2015,-0.302,-0.298,-0.298,-0.302,-0.98%
09/06/2015,-0.305,-0.213,-0.186,-0.313,39.27%
08/30/2015,-0.219,-0.314,-0.219,-0.319,-25.51%
08/23/2015,-0.294,-0.276,-0.248,-0.332,7.30%
08/16/2015,-0.274,-0.290,-0.231,-0.327,-4.86%
08/09/2015,-0.288,-0.285,-0.284,-0.310,1.41%
08/02/2015,-0.284,-0.284,-0.283,-0.285,0.71%
07/26/2015,-0.282,-0.313,-0.281,-0.365,-14.55%
07/19/2015,-0.330,-0.395,-0.291,-0.395,-1.20%
07/12/2015,-0.334,-0.364,-0.301,-0.410,0.30%
07/05/2015,-0.333,-0.312,-0.288,-0.375,19.35%
06/28/2015,-0.279,-0.251,-0.112,-0.355,149.11%
06/21/2015,-0.112,-0.258,-0.250,-0.258,-56.59%
06/14/2015,-0.258,-0.270,-0.257,-0.272,-4.09%
06/07/2015,-0.269,-0.268,-0.268,-0.270,-1.47%
05/31/2015,-0.273,-0.272,-0.272,-0.273,0.37%
05/24/2015,-0.272,-0.273,-0.271,-0.274,0.00%
05/17/2015,-0.272,-0.382,-0.269,-0.384,-28.23%
05/10/2015,-0.379,-0.376,-0.374,-0.380,1.34%
05/03/2015,-0.374,-0.374,-0.372,-0.375,0.54%
04/26/2015,-0.372,-0.307,-0.301,-0.382,16.25%
04/19/2015,-0.320,-0.307,-0.282,-0.327,3.23%
04/12/2015,-0.310,-0.286,-0.161,-0.322,14.39%
04/05/2015,-0.271,-0.268,-0.230,-0.275,13.87%
03/29/2015,-0.238,-0.248,-0.208,-0.281,-3.64%
03/22/2015,-0.247,-0.238,-0.188,-0.275,-8.18%
03/15/2015,-0.269,-0.271,-0.192,-0.285,11.16%
03/08/2015,-0.242,-0.257,-0.170,-0.284,-8.33%
03/01/2015,-0.264,-0.213,-0.213,-0.282,23.94%
02/22/2015,-0.213,-0.253,-0.199,-0.286,-15.14%
02/15/2015,-0.251,-0.209,-0.200,-0.272,20.67%
02/08/2015,-0.208,-0.207,-0.186,-0.242,5.58%
02/01/2015,-0.197,-0.173,-0.159,-0.220,14.53%
01/25/2015,-0.172,-0.159,-0.149,-0.200,-7.03%
01/18/2015,-0.185,-0.189,-0.152,-0.216,0.00%
01/11/2015,-0.185,-0.143,-0.137,-0.214,23.33%
01/04/2015,-0.150,-0.103,-0.103,-0.168,27.12%
12/28/2014,-0.118,-0.262,-0.118,-0.262,-39.49%
12/21/2014,-0.195,-0.021,-0.021,-0.224,47.73%
12/14/2014,-0.132,-0.178,-0.132,-0.193,-26.67%
12/07/2014,-0.180,-0.137,-0.118,-0.189,38.46%
11/30/2014,-0.130,-0.084,-0.073,-0.188,51.16%
11/23/2014,-0.086,-0.088,-0.075,-0.120,-14.85%
11/16/2014,-0.101,-0.154,-0.080,-0.154,-19.84%
11/09/2014,-0.126,-0.120,-0.106,-0.164,-6.67%
11/02/2014,-0.135,-0.123,-0.111,-0.149,-1.46%
10/26/2014,-0.137,-0.089,-0.084,-0.155,14.17%
10/19/2014,-0.120,-0.133,-0.105,-0.148,-14.89%
10/12/2014,-0.141,-0.119,-0.057,-0.145,110.45%
10/05/2014,-0.067,-0.073,-0.020,-0.126,-1.47%
09/28/2014,-0.068,-0.073,-0.062,-0.094,21.43%
09/21/2014,-0.056,-0.061,-0.017,-0.108,86.67%
09/14/2014,-0.030,-0.071,-0.018,-0.091,-56.52%
09/07/2014,-0.069,-0.078,-0.063,-0.120,-11.54%
08/31/2014,-0.078,-0.031,-0.015,-0.084,212.00%
08/24/2014,-0.025,0.005,0.009,-0.036,-327.27%
08/17/2014,0.011,0.004,0.011,-0.075,175.00%
08/10/2014,0.004,0.017,0.017,0.004,-80.00%
08/03/2014,0.020,0.026,0.026,-0.073,-16.67%
07/27/2014,0.024,-0.023,0.031,-0.062,-226.32%
07/20/2014,-0.019,-0.010,0.009,-0.044,-5.00%
07/13/2014,-0.020,-0.021,0.015,-0.035,66.67%
07/06/2014,-0.012,-0.026,-0.006,-0.044,-55.56%
06/29/2014,-0.027,-0.008,0.005,-0.046,-10.00%
06/22/2014,-0.030,-0.013,-0.002,-0.041,150.00%
06/15/2014,-0.012,-0.029,0.028,-0.037,-60.00%
06/08/2014,-0.030,0.060,0.060,-0.031,0.00%
06/01/2014,0.000,0.005,0.056,0.005,-100.00%
05/25/2014,0.061,0.060,0.061,0.005,90.62%
05/18/2014,0.032,0.030,0.073,0.030,-50.00%
05/11/2014,0.064,0.074,0.075,0.024,14.29%
05/04/2014,0.056,0.026,0.072,-0.005,124.00%
04/27/2014,0.025,0.065,0.072,-0.005,-68.35%
04/20/2014,0.079,0.048,0.088,0.048,83.72%
04/13/2014,0.043,0.133,0.138,0.017,-67.42%
04/06/2014,0.132,0.127,0.146,0.104,3.94%
03/30/2014,0.127,0.127,0.155,0.116,9.48%
03/23/2014,0.116,0.189,0.190,0.112,-38.62%
03/16/2014,0.189,0.129,0.190,0.118,35.97%
03/09/2014,0.139,0.166,0.166,0.124,-14.72%
03/02/2014,0.163,0.098,0.163,0.073,101.23%
02/23/2014,0.081,0.079,0.101,0.066,2.53%
02/16/2014,0.079,0.103,0.106,0.074,-16.84%
02/09/2014,0.095,0.112,0.116,0.087,-15.18%
02/02/2014,0.112,0.058,0.115,0.057,8.74%
01/26/2014,0.103,0.112,0.122,0.096,-9.65%
01/19/2014,0.114,0.062,0.114,0.062,32.56%
01/12/2014,0.086,0.080,0.103,0.040,-2.27%
01/05/2014,0.088,0.091,0.099,0.075,-2.22%
12/29/2013,0.090,0.122,0.122,0.084,-19.64%
12/22/2013,0.112,0.144,0.170,0.107,-24.32%
12/15/2013,0.148,0.169,0.178,0.064,17.46%
12/08/2013,0.126,0.096,0.126,0.085,20.00%
12/01/2013,0.105,0.080,0.108,0.039,50.00%
11/24/2013,0.070,0.051,0.102,0.041,-29.29%
11/17/2013,0.099,0.027,0.099,0.020,350.00%
11/10/2013,0.022,0.031,0.064,0.017,-29.03%
11/03/2013,0.031,0.031,0.031,0.015,-8.82%
10/27/2013,0.034,0.015,0.031,0.006,47.83%
10/20/2013,0.023,0.040,0.041,0.004,-43.90%
10/13/2013,0.041,0.059,0.059,0.006,355.56%
10/06/2013,0.009,0.059,0.059,0.006,-18.18%
09/29/2013,0.011,0.014,0.060,0.004,-38.89%
09/22/2013,0.018,0.014,0.059,0.008,-33.33%
09/15/2013,0.027,0.059,0.059,0.006,-20.59%
09/08/2013,0.034,0.002,0.061,0.002,385.71%
09/01/2013,0.007,0.014,0.060,0.006,-53.33%
08/25/2013,0.015,0.015,0.057,0.011,-6.25%
08/18/2013,0.016,0.056,0.069,0.010,-70.91%
08/11/2013,0.055,0.034,0.109,0.008,41.03%
08/04/2013,0.039,0.031,0.041,-0.009,-4.88%
07/28/2013,0.041,0.006,0.041,-0.011,485.71%
07/21/2013,0.007,0.038,0.122,0.006,-81.58%
07/14/2013,0.038,0.040,0.116,0.009,-2.56%
07/07/2013,0.039,0.026,0.159,-0.025,-750.00%
06/30/2013,-0.006,0.026,0.026,-0.007,-220.00%
06/23/2013,0.005,0.026,0.042,0.001,-78.26%
06/16/2013,0.023,0.025,0.025,0.015,-8.00%
06/09/2013,0.025,0.023,0.059,0.002,-55.36%
06/02/2013,0.056,0.010,0.107,-0.011,-2,900.00%
05/26/2013,-0.002,0.009,0.091,-0.005,-122.22%
05/19/2013,0.009,0.026,0.056,-0.009,-64.00%
05/12/2013,0.025,0.001,0.076,-0.013,1,150.00%
05/05/2013,0.002,-0.002,0.069,-0.002,-88.24%
04/28/2013,0.017,0.016,0.045,-0.006,13.33%
04/21/2013,0.015,0.014,0.071,-0.005,0.00%
04/14/2013,0.000,0.013,0.045,-0.009,-100.00%
04/07/2013,0.013,0.011,0.114,0.006,18.18%
03/31/2013,0.011,0.082,0.083,0.005,10.00%
03/24/2013,0.010,0.094,0.098,0.005,11.11%
03/17/2013,0.009,0.009,0.083,0.004,0.00%
03/10/2013,0.009,0.017,0.097,0.004,-47.06%
03/03/2013,0.017,0.015,0.068,0.005,13.33%
02/24/2013,0.015,0.014,0.086,0.005,7.14%
02/17/2013,0.014,0.043,0.251,0.009,-70.21%
02/10/2013,0.047,0.019,0.096,0.019,-7.84%
02/03/2013,0.051,0.051,0.088,0.019,-17.74%
01/27/2013,0.062,0.093,0.113,0.036,21.57%
01/20/2013,0.051,0.051,0.101,0.024,-15.00%
01/13/2013,0.060,0.021,0.097,0.009,185.71%
01/06/2013,0.021,0.011,0.149,-0.006,23.53%
12/30/2012,0.017,-0.026,0.017,-0.026,0.00%
12/23/2012,0.000,0.005,0.275,-0.028,-100.00%
12/16/2012,0.005,0.051,0.097,-0.014,0.00%
12/09/2012,0.000,0.088,0.245,-0.021,-100.00%
12/02/2012,0.008,-0.026,0.223,-0.036,-129.63%
11/25/2012,-0.027,0.094,0.279,-0.077,-400.00%
11/18/2012,0.009,0.009,0.259,-0.035,0.00%
11/11/2012,0.009,0.006,0.254,-0.049,50.00%
11/04/2012,0.006,0.006,0.120,-0.052,0.00%
10/28/2012,0.006,0.005,0.141,-0.041,20.00%
10/21/2012,0.005,0.089,0.157,-0.039,0.00%
10/14/2012,0.005,0.005,0.005,0.005,25.00%
10/07/2012,0.004,0.004,0.004,0.004,-33.33%
09/30/2012,0.006,0.006,0.006,0.006,0.00%
09/23/2012,0.006,0.006,0.006,0.006,20.00%
09/16/2012,0.005,0.005,0.005,0.005,0.00%
09/09/2012,0.005,0.005,0.005,0.005,-106.33%
09/02/2012,-0.079,-0.079,-0.079,-0.079,-16.84%
08/26/2012,-0.095,-0.095,-0.095,-0.095,-4.04%
08/19/2012,-0.099,-0.099,-0.099,-0.099,6.45%
08/12/2012,-0.093,-0.093,-0.093,-0.093,-213.41%
08/05/2012,0.082,0.082,0.082,0.082,1,266.67%
07/29/2012,0.006,0.006,0.006,0.006,500.00%
07/22/2012,0.001,0.001,0.001,0.001,-95.65%
07/15/2012,0.023,0.023,0.023,0.023,-34.29%
07/08/2012,0.035,0.035,0.035,0.035,218.18%
07/01/2012,0.011,0.011,0.011,0.011,-26.67%
06/24/2012,0.015,0.015,0.015,0.015,-34.78%
06/17/2012,0.023,0.023,0.023,0.023,-45.24%
06/10/2012,0.042,0.042,0.042,0.042,-16.00%
06/03/2012,0.050,0.050,0.050,0.050,8.70%
05/27/2012,0.046,0.046,0.046,0.046,76.92%
05/20/2012,0.026,0.026,0.026,0.026,-44.68%
05/13/2012,0.047,0.047,0.047,0.047,193.75%
05/06/2012,0.016,0.016,0.016,0.016,433.33%
04/29/2012,0.003,0.003,0.003,0.003,-70.00%
04/22/2012,0.010,0.010,0.010,0.010,-61.54%
04/15/2012,0.026,0.026,0.026,0.026,-65.79%
04/08/2012,0.076,0.076,0.076,0.076,68.89%
04/01/2012,0.045,0.045,0.045,0.045,-18.18%
03/25/2012,0.055,0.055,0.055,0.055,-20.29%
03/18/2012,0.069,0.069,0.069,0.069,-14.81%
03/11/2012,0.081,0.081,0.081,0.081,50.00%
03/04/2012,0.054,0.054,0.054,0.054,-70.81%
02/26/2012,0.185,0.185,0.185,0.185,184.62%
02/19/2012,0.065,0.065,0.065,0.065,-7.14%
02/12/2012,0.070,0.070,0.070,0.070,94.44%
02/05/2012,0.036,0.036,0.036,0.036,260.00%
01/29/2012,0.010,0.010,0.010,0.010,-56.52%
01/22/2012,0.023,0.023,0.023,0.023,2,200.00%
01/15/2012,0.001,0.001,0.001,0.001,-96.30%
01/08/2012,0.027,0.027,0.027,0.027,-113.17%
01/01/2012,-0.205,-0.205,-0.205,-0.205,135.63%
12/25/2011,-0.087,-0.087,-0.087,-0.087,0.00%
12/18/2011,-0.087,-0.087,-0.087,-0.087,-1,840.00%
12/11/2011,0.005,0.005,0.005,0.005,-91.07%
12/04/2011,0.056,0.056,0.056,0.056,86.67%
11/27/2011,0.030,0.030,0.030,0.030,-65.91%
11/20/2011,0.088,0.088,0.088,0.088,37.50%
11/13/2011,0.064,0.064,0.064,0.064,-17.95%
11/06/2011,0.078,0.078,0.078,0.078,-7.14%
10/30/2011,0.084,0.084,0.084,0.084,-69.89%
10/23/2011,0.279,0.279,0.279,0.279,-2.45%
10/16/2011,0.286,0.286,0.286,0.286,4.00%
10/09/2011,0.275,0.275,0.275,0.275,-27.44%
10/02/2011,0.379,0.379,0.379,0.379,52.82%
09/25/2011,0.248,0.248,0.248,0.248,65.33%
09/18/2011,0.150,0.150,0.150,0.150,-52.98%
09/11/2011,0.319,0.319,0.319,0.319,0.95%
09/04/2011,0.316,0.316,0.316,0.316,-19.80%
08/28/2011,0.394,0.394,0.394,0.394,-6.41%
08/21/2011,0.421,0.421,0.421,0.421,-37.54%
08/14/2011,0.674,0.674,0.674,0.674,9.95%
08/07/2011,0.613,0.613,0.613,0.613,10.05%
07/31/2011,0.557,0.557,0.557,0.557,-44.91%
07/24/2011,1.011,1.011,1.011,1.011,9.30%
07/17/2011,0.925,0.925,0.925,0.925,-19.64%
07/10/2011,1.151,1.151,1.151,1.151,14.07%
07/03/2011,1.009,1.009,1.009,1.009,0.80%
06/26/2011,1.001,1.001,1.001,1.001,-6.36%
06/19/2011,1.069,1.069,1.069,1.069,-6.80%
06/12/2011,1.147,1.147,1.147,1.147,16.21%
06/05/2011,0.987,0.987,0.987,0.987,10.90%
05/29/2011,0.890,0.890,0.890,0.890,4.34%
05/22/2011,0.853,0.853,0.853,0.853,-9.54%
05/15/2011,0.943,0.943,0.943,0.943,2.39%
05/08/2011,0.921,0.921,0.921,0.921,15.12%
05/01/2011,0.800,0.800,0.800,0.800,-5.10%
04/24/2011,0.843,0.843,0.843,0.843,2.80%
04/17/2011,0.820,0.820,0.820,0.820,3.40%
04/10/2011,0.793,0.793,0.793,0.793,-2.82%
04/03/2011,0.816,0.816,0.816,0.816,16.41%
03/27/2011,0.701,0.701,0.701,0.701,-3.84%
03/20/2011,0.729,0.729,0.729,0.729,16.27%
03/13/2011,0.627,0.627,0.627,0.627,7.73%
03/06/2011,0.582,0.582,0.582,0.582,-10.19%
02/27/2011,0.648,0.648,0.648,0.648,25.10%
02/20/2011,0.518,0.518,0.518,0.518,-4.25%
02/13/2011,0.541,0.541,0.541,0.541,-10.87%
02/06/2011,0.607,0.607,0.607,0.607,-2.88%
01/30/2011,0.625,0.625,0.625,0.625,-3.10%
01/23/2011,0.645,0.645,0.645,0.645,25.73%
01/16/2011,0.513,0.513,0.513,0.513,19.86%
01/09/2011,0.428,0.428,0.428,0.428,46.08%
01/02/2011,0.293,0.293,0.293,0.293,1.03%
12/26/2010,0.290,0.290,0.290,0.290,2.47%
12/19/2010,0.283,0.283,0.283,0.283,-12.11%
12/12/2010,0.322,0.322,0.322,0.322,-23.15%
12/05/2010,0.419,0.419,0.419,0.419,-4.56%
11/28/2010,0.439,0.439,0.439,0.439,-0.68%
11/21/2010,0.442,0.442,0.442,0.442,-25.21%
11/14/2010,0.591,0.591,0.591,0.591,-4.52%
11/07/2010,0.619,0.619,0.619,0.619,-2.67%
10/31/2010,0.636,0.636,0.636,0.636,0.16%
10/24/2010,0.635,0.635,0.635,0.635,19.59%
10/17/2010,0.531,0.531,0.531,0.531,0.95%
10/10/2010,0.526,0.526,0.526,0.526,17.15%
10/03/2010,0.449,0.449,0.449,0.449,-16.07%
09/26/2010,0.535,0.535,0.535,0.535,50.70%
09/19/2010,0.355,0.355,0.355,0.355,2.60%
09/12/2010,0.346,0.346,0.346,0.346,27.21%
09/05/2010,0.272,0.272,0.272,0.272,0.74%
08/29/2010,0.270,0.270,0.270,0.270,6.30%
08/22/2010,0.254,0.254,0.254,0.254,2.01%
08/15/2010,0.249,0.249,0.249,0.249,-9.45%
08/08/2010,0.275,0.275,0.275,0.275,-9.54%
08/01/2010,0.304,0.304,0.304,0.304,10.95%
07/25/2010,0.274,0.274,0.274,0.274,-10.16%
07/18/2010,0.305,0.305,0.305,0.305,17.76%
07/11/2010,0.259,0.259,0.259,0.259,-4.07%
07/04/2010,0.270,0.270,0.270,0.270,47.54%
